{
    "zhenxun_arktools": {
        "plugin_name": " 明日方舟工具箱",
        "author": "Number_Sir",
        "version": 0.2,
        "introduction": "明日方舟工具箱，整合一些有需求的资料查询功能",
        "download_url": "https://github.com/NumberSir/zhenxun_arktools/releases/download/v1.0.0/zhenxun_arktools.zip",
        "github_url": "https://github.com/NumberSir/zhenxun_arktools"
    },
    "zhenxun_plugin_siyuan": {
        "plugin_name": "思源笔记",
        "author": "Zuoqiu-Yingyi",
        "version": 0.21,
        "introduction": "将群转化为思源笔记的收集箱",
        "download_url": "https://github.com/Zuoqiu-Yingyi/zhenxun-bot-plugin-siyuan/releases/download/v0.2.2/zhenxun_plugin_siyuan.zip",
        "github_url": "https://github.com/Zuoqiu-Yingyi/zhenxun-bot-plugin-siyuan"
    }
}
